,Unnamed: 0,HIOS ID,HIOS INPUTTED INSURANCE COMPANY NAME,STATE,HIGH-COST RISK POOL PAYMENT AMOUNT (INDIVIDUAL (Catastrophic and NonCatastrophic)),HIGH-COST RISK POOL PAYMENT AMOUNT (SMALL GROUP),HHS RISK ADJUSTMENT TRANSFER AMOUNT (INDIVIDUAL NONCATASTROPHIC RISK POOL),HHS RISK ADJUSTMENT TRANSFER AMOUNT (CATASTROPHIC RISK POOL),HHS RISK ADJUSTMENT TRANSFERS AMOUNT (SMALL GROUP RISK POOL)
0,0,11082,"Aetna, Inc.",AK,N/A,0.00,N/A,N/A,40127.64
1,1,38344,Premera Blue Cross,AK,4941673.00,644483.75,0.00,N/A,124518.87
2,2,73836,"Moda Health Plan, Inc.",AK,N/A,0.00,N/A,N/A,-368683.53
3,3,80049,"UnitedHealth Group, Inc.",AK,N/A,0.00,N/A,N/A,204037.00
4,4,46944,Blue Cross Blue Shield of Alabama,AL,2758305.21,516017.10,2970457.93,13570.07,2587809.53
5,5,68259,"UnitedHealth Group, Inc.",AL,N/A,0.00,N/A,N/A,-920615.54
6,6,69461,"UnitedHealth Group, Inc.",AL,N/A,0.00,N/A,N/A,-1087485.53
7,7,73301,Bright Health Insurance Company,AL,0.00,N/A,-2970457.94,-13570.05,N/A
8,8,93018,"Viva Health, Inc.",AL,N/A,0.00,N/A,N/A,-579708.41
9,9,13262,Arkansas Blue Cross and Blue Shield,AR,N/A,0.00,N/A,N/A,-123494.18
10,10,22732,"UnitedHealth Group, Inc.",AR,N/A,0.00,N/A,N/A,-49392.31
11,11,37903,QualChoice Arkansas,AR,0.00,0.00,-5937801.90,N/A,-789051.87
12,12,62141,Centene Corporation,AR,168795.38,N/A,-2454561.02,N/A,N/A
13,13,65817,"UnitedHealth Group, Inc.",AR,N/A,0.00,N/A,N/A,-76204.39
14,14,70525,QualChoice Arkansas,AR,0.00,0.00,-5510323.85,0.00,-1025680.23
15,15,75293,Arkansas Blue Cross and Blue Shield,AR,0.00,0.00,13902686.73,N/A,2168296.90
16,16,81392,"UnitedHealth Group, Inc.",AR,N/A,0.00,N/A,N/A,-104473.88
17,17,23307,"Humana, Inc.",AZ,N/A,0.00,N/A,N/A,-3153194.10
18,18,23435,"Aetna, Inc.",AZ,N/A,0.00,N/A,N/A,-17945.39
19,19,40702,"UnitedHealth Group, Inc.",AZ,N/A,0.00,N/A,N/A,-4877936.03
20,20,51485,Centene Corporation,AZ,N/A,0.00,N/A,N/A,-627530.71
21,21,53901,"Blue Cross Blue Shield of Arizona, Inc.",AZ,0.00,0.00,-27000895.26,0.00,-5431749.22
22,22,66105,"Humana, Inc.",AZ,N/A,0.00,N/A,N/A,252810.18
23,23,70904,WMI Mutual Insurance Company,AZ,N/A,0.00,N/A,N/A,-42142.13
24,24,77349,"Aetna, Inc.",AZ,N/A,81894.70,N/A,N/A,-2341079.20
25,25,78611,"Aetna, Inc.",AZ,N/A,0.00,N/A,N/A,48109.07
26,26,82011,"UnitedHealth Group, Inc.",AZ,N/A,1955393.08,N/A,N/A,13350964.36
27,27,84251,"Aetna, Inc.",AZ,N/A,52091.37,N/A,N/A,2374554.63
28,28,86830,Cigna,AZ,N/A,0.00,N/A,N/A,-20983.13
29,29,91450,Centene Corporation,AZ,613267.07,0.00,24194445.65,N/A,369862.42
30,30,97667,Cigna,AZ,71251.12,0.00,2806449.62,N/A,-77490.30
31,31,98971,"UnitedHealth Group, Inc.",AZ,N/A,0.00,N/A,N/A,193749.58
32,32,10544,Oscar Health,CA,1245493.87,0.00,-36001256.71,-1147602.38,-70829.72
33,33,18126,Molina Healthcare,CA,0.00,N/A,-90009337.03,-118430.26,N/A
34,34,20523,"Aetna, Inc.",CA,N/A,655156.36,N/A,N/A,-9898601.63
35,35,27330,Kaiser Permanente,CA,N/A,0.00,N/A,N/A,816618.51
36,36,27603,"Anthem, Inc.",CA,103145.78,17152346.90,-66953784.13,183243.76,207309138.81
37,37,40513,Kaiser Permanente,CA,12387739.84,19993561.51,-392457699.28,-1280128.10,-336899630.56
38,38,40733,"Aetna, Inc.",CA,N/A,383178.13,N/A,N/A,23304514.98
39,39,47579,Chinese Community Health Plan,CA,0.00,0.00,-29880172.49,-3554.88,-2611734.33
40,40,49116,"UnitedHealth Group, Inc.",CA,N/A,1913688.08,N/A,N/A,-27618293.15
41,41,56887,Ventura County Health Care Plan,CA,N/A,0.00,N/A,N/A,-50222.32
42,42,64210,Sutter Health Plan,CA,0.00,1545021.23,1482291.69,N/A,-14253113.23
43,43,64618,National Health Insurance Company,CA,N/A,0.00,N/A,N/A,64847.12
44,44,67138,Centene Corporation,CA,779197.06,34995.60,-61743275.02,-293685.53,-13034288.60
45,45,70285,Blue Shield of California,CA,27961659.25,17100642.13,784798234.25,2212465.14,142662341.10
46,46,84014,County of Santa Clara,CA,0.00,N/A,-21489663.83,-156889.52,N/A
47,47,92499,Sharp Health Plan,CA,0.00,0.00,-5021957.43,178174.84,-7933606.37
48,48,92815,Local Initiative Health Authority for Los Angeles County,CA,0.00,N/A,-79092830.97,-66294.41,N/A
49,49,93689,Western Health Advantage,CA,1272106.19,1012541.98,-5541458.95,-73100.13,2733591.76
50,50,95677,"UnitedHealth Group, Inc.",CA,N/A,3491146.75,N/A,N/A,2858307.23
51,51,99110,Centene Corporation,CA,7691728.10,262331.89,1910909.83,565801.50,32620960.82
52,52,21032,Kaiser Permanente,CO,3038085.90,463175.11,-63140864.67,-658008.05,-21002872.22
53,53,31070,Bright Health Insurance Company,CO,0.00,N/A,-20665611.53,-703906.61,N/A
54,54,35944,Kaiser Permanente,CO,N/A,0.00,N/A,N/A,-224427.30
55,55,39041,"Aetna, Inc.",CO,N/A,0.00,N/A,N/A,769752.52
56,56,39670,"Aetna, Inc.",CO,N/A,0.00,N/A,N/A,-354.98
57,57,49375,Cigna,CO,1362639.56,N/A,9010391.45,N/A,N/A
58,58,59036,"UnitedHealth Group, Inc.",CO,N/A,0.00,N/A,N/A,-11714412.68
59,59,63312,Colorado Choice Health Plans,CO,0.00,0.00,3246846.91,-797682.30,-967769.71
60,60,66699,"Denver Health Medical Plan, Inc.",CO,0.00,N/A,15702946.77,N/A,N/A
61,61,67879,"UnitedHealth Group, Inc.",CO,N/A,3045447.15,N/A,N/A,26334299.08
62,62,74320,"Humana, Inc.",CO,N/A,37333.98,N/A,N/A,-1251588.11
63,63,76680,"Anthem, Inc.",CO,5493800.87,0.00,49427489.22,-811836.71,-7830843.01
64,64,79509,"Humana, Inc.",CO,N/A,0.00,N/A,N/A,553653.01
65,65,80208,Rocky Mountain Health Care Options,CO,N/A,0.00,N/A,N/A,342059.90
66,66,87269,"Anthem, Inc.",CO,13395.61,1207903.26,N/A,2971433.67,14943165.45
67,67,97879,Rocky Mountain Health Care Options,CO,0.00,55586.13,6418801.86,N/A,49337.97
68,68,29462,"UnitedHealth Group, Inc.",CT,N/A,324246.28,N/A,N/A,-6804964.22
69,69,39159,"Aetna, Inc.",CT,N/A,0.00,N/A,N/A,2341215.85
70,70,49650,"UnitedHealth Group, Inc.",CT,N/A,0.00,N/A,N/A,-897268.86
71,71,71179,"UnitedHealth Group, Inc.",CT,N/A,0.00,N/A,N/A,-3998843.33
72,72,75091,"ConnectiCare, Inc.",CT,293778.70,0.00,-718321.15,N/A,-59871.13
73,73,76962,"ConnectiCare, Inc.",CT,996241.78,0.00,-15387332.35,76196.63,-228096.34
74,74,86545,"Anthem, Inc.",CT,2420279.60,173964.13,6285168.78,-76196.63,13684351.63
75,75,89130,"HPHC Insurance Company, Inc",CT,N/A,99083.08,N/A,N/A,-2980597.53
76,76,94815,"ConnectiCare, Inc.",CT,0.00,841648.80,9820484.66,N/A,113129.12
77,77,95882,"HPHC Insurance Company, Inc",CT,N/A,0.00,N/A,N/A,-1169055.15
78,78,21066,"UnitedHealth Group, Inc.",DC,N/A,0.00,N/A,N/A,-824856.28
79,79,41842,"UnitedHealth Group, Inc.",DC,N/A,0.00,N/A,N/A,-278492.64
80,80,73987,"Aetna, Inc.",DC,N/A,0.00,N/A,N/A,335841.89
81,81,75753,"UnitedHealth Group, Inc.",DC,N/A,0.00,N/A,N/A,-23064.00
82,82,77422,"Aetna, Inc.",DC,N/A,0.00,N/A,N/A,283513.19
83,83,78079,CareFirst,DC,210269.66,0.00,5656379.30,N/A,10183042.72
84,84,86052,CareFirst,DC,0.00,0.00,-2527374.40,-1942.43,-6650691.31
85,85,94506,Kaiser Permanente,DC,0.00,0.00,-3129004.89,1942.43,-3025293.55
86,86,29497,"Aetna, Inc.",DE,N/A,0.00,N/A,N/A,-112942.63
87,87,61021,"UnitedHealth Group, Inc.",DE,N/A,0.00,N/A,N/A,-1000858.99
88,88,67190,"Aetna, Inc.",DE,N/A,0.00,N/A,N/A,268135.29
89,89,76168,Highmark,DE,0.00,309611.45,0.00,0.00,1121672.60
90,90,97569,"UnitedHealth Group, Inc.",DE,N/A,0.00,N/A,N/A,-276006.27
91,91,16842,Blue Cross and Blue Shield of Florida,FL,5009930.23,1217621.44,694838641.92,N/A,24548332.72
92,92,18628,"Aetna, Inc.",FL,N/A,8597.74,N/A,N/A,8637491.76
93,93,19898,"AvMed, Inc.",FL,1064146.17,41884.79,5378911.17,N/A,4017215.48
94,94,21663,Centene Corporation,FL,3111407.14,N/A,-501224663.81,N/A,N/A
95,95,23841,"Aetna, Inc.",FL,N/A,0.00,N/A,N/A,2176135.48
96,96,30252,Blue Cross and Blue Shield of Florida,FL,2876505.23,0.00,-182573673.78,N/A,-9056277.03
97,97,35783,"Humana, Inc.",FL,N/A,0.00,N/A,N/A,-6830380.68
98,98,36194,"Health First, Inc.",FL,159653.33,0.00,8486520.28,129549.12,-1306645.92
99,99,42204,"UnitedHealth Group, Inc.",FL,N/A,0.00,N/A,N/A,-98778.52
100,100,43839,"UnitedHealth Group, Inc.",FL,N/A,954847.55,N/A,N/A,3424089.93
101,101,48121,Cigna,FL,0.00,N/A,5635093.58,N/A,N/A
102,102,54172,Molina Healthcare,FL,0.00,N/A,-33803627.85,N/A,N/A
103,103,56503,"Florida Health Care Plan, Inc.",FL,0.00,0.00,3262798.65,-129549.12,367271.93
104,104,66966,Capital Health Plan,FL,N/A,0.00,N/A,N/A,-5382760.20
105,105,68398,"UnitedHealth Group, Inc.",FL,N/A,20062.19,N/A,N/A,-6372816.64
106,106,77150,"Health First, Inc.",FL,N/A,0.00,N/A,N/A,-291.31
107,107,80779,"UnitedHealth Group, Inc.",FL,N/A,540718.02,N/A,N/A,-13684180.57
108,108,99308,"Humana, Inc.",FL,N/A,0.00,N/A,N/A,-438406.63
109,109,13535,"UnitedHealth Group, Inc.",GA,N/A,0.00,N/A,N/A,911383.68
110,110,30552,"UnitedHealth Group, Inc.",GA,N/A,168578.96,N/A,N/A,-5103000.19
111,111,37001,"Humana, Inc.",GA,N/A,0.00,N/A,N/A,790920.55
112,112,43802,"UnitedHealth Group, Inc.",GA,N/A,0.00,N/A,N/A,1409608.01
113,113,49046,"Anthem, Inc.",GA,738134.34,1462329.23,58061132.96,331380.84,18327398.65
114,114,70893,Centene Corporation,GA,372918.53,N/A,-26833209.41,N/A,N/A
115,115,82302,Kaiser Permanente,GA,N/A,0.00,N/A,N/A,51281.79
116,116,82824,"Aetna, Inc.",GA,N/A,0.00,N/A,N/A,-1029523.48
117,117,83761,Alliant Health Plans,GA,2505299.71,0.00,16383397.77,N/A,-1424401.11
118,118,83978,"Aetna, Inc.",GA,N/A,0.00,N/A,N/A,3124824.43
119,119,89942,Kaiser Permanente,GA,2649770.16,364721.84,-47611321.34,-331380.84,-4935164.80
120,120,93332,"Humana, Inc.",GA,N/A,2454127.22,N/A,N/A,-12123327.28
121,121,18350,Hawaii Medical Service Association,HI,0.00,142129.82,15441123.76,0.00,14026813.76
122,122,54179,"UnitedHealth Group, Inc.",HI,N/A,0.00,N/A,N/A,-42614.64
123,123,56682,Hawaii Medical Assurance Association,HI,N/A,0.00,N/A,N/A,46587.65
124,124,60612,Kaiser Permanente,HI,294407.62,82070.90,-15441123.75,N/A,-11519220.44
125,125,95366,University Health Alliance UHA,HI,N/A,0.00,N/A,N/A,-2511566.30
126,126,18973,"Aetna, Inc.",IA,N/A,0.00,N/A,N/A,296408.40
127,127,25896,"Wellmark, Inc.",IA,N/A,0.00,N/A,N/A,-7296763.77
128,128,27651,Quartz Health Solutions,IA,N/A,0.00,N/A,N/A,-201797.97
129,129,50735,Medical Associates Health Plans,IA,N/A,0.00,N/A,N/A,380331.77
130,130,56610,"UnitedHealth Group, Inc.",IA,N/A,0.00,N/A,N/A,-530684.05
131,131,72160,"Wellmark, Inc.",IA,N/A,0.00,N/A,N/A,11693682.82
132,132,74406,"Wellmark, Inc.",IA,N/A,0.00,N/A,N/A,-965657.78
133,133,74980,"Avera Health Plans, Inc.",IA,N/A,0.00,N/A,N/A,175763.58
134,134,77638,"Health Alliance Medical Plans, Inc.",IA,N/A,0.00,N/A,N/A,-30426.76
135,135,78252,"Aetna, Inc.",IA,N/A,0.00,N/A,N/A,-108601.34
136,136,85930,Sanford Health Plan,IA,N/A,0.00,N/A,N/A,97609.88
137,137,87928,"Wellmark, Inc.",IA,N/A,0.00,N/A,N/A,-577751.06
138,138,88678,"UnitedHealth Group, Inc.",IA,N/A,0.00,N/A,N/A,-2932113.68
139,139,93078,Medica Insurance Company,IA,754231.61,N/A,0.00,0.00,N/A
140,140,26002,SelectHealth,ID,0.00,0.00,8603093.02,344101.21,-448196.27
141,141,38128,Montana Health Cooperative,ID,0.00,0.00,-3101803.95,-496792.03,-156457.18
142,142,43541,National Health Insurance Company,ID,N/A,0.00,N/A,N/A,-118607.96
143,143,44648,Cambia Health Solutions,ID,0.00,236241.83,2203755.18,N/A,-555585.77
144,144,45059,"Aetna, Inc.",ID,N/A,0.00,N/A,N/A,-37369.57
145,145,50118,"UnitedHealth Group, Inc.",ID,N/A,0.00,N/A,N/A,-39261.09
146,146,60597,PacificSource Health Plans,ID,0.00,0.00,3528512.68,-23494.22,-1068685.11
147,147,61175,"Aetna, Inc.",ID,N/A,0.00,N/A,N/A,-1056.38
148,148,61589,"Blue Cross of Idaho Health Service, Inc.",ID,0.00,0.00,-11233557.03,176185.02,2425219.41
149,149,20129,"Health Alliance Medical Plans, Inc.",IL,765715.37,0.00,-6824096.13,-87405.68,-305889.08
150,150,24301,Medical Associates Health Plans,IL,N/A,0.00,N/A,N/A,-155180.69
151,151,27833,Centene Corporation,IL,0.00,N/A,-39834494.41,N/A,N/A
152,152,34446,"UnitedHealth Group, Inc.",IL,N/A,0.00,N/A,N/A,1082034.65
153,153,36096,Health Care Service Corporation,IL,2339099.39,3755760.05,102754252.53,87405.68,6819981.00
154,154,42529,"UnitedHealth Group, Inc.",IL,N/A,0.00,N/A,N/A,-3158371.33
155,155,53882,Cigna,IL,0.00,N/A,-56095661.94,N/A,N/A
156,156,54322,MercyCare Insurance Company,IL,N/A,0.00,N/A,N/A,-128031.82
157,157,58239,"UnitedHealth Group, Inc.",IL,N/A,0.00,N/A,N/A,-1157909.54
158,158,58288,"Humana, Inc.",IL,N/A,0.00,N/A,N/A,-121554.50
159,159,68303,"Humana, Inc.",IL,N/A,0.00,N/A,N/A,-635932.73
160,160,72547,"Aetna, Inc.",IL,N/A,0.00,N/A,N/A,928837.97
161,161,92476,"UnitedHealth Group, Inc.",IL,N/A,174342.60,N/A,N/A,-3093873.26
162,162,99129,"Aetna, Inc.",IL,N/A,0.00,N/A,N/A,-74110.68
163,163,17575,"Anthem, Inc.",IN,0.00,2452160.40,N/A,0.00,7270575.40
164,164,32378,"Aetna, Inc.",IN,N/A,0.00,N/A,N/A,-346996.78
165,165,33380,Indiana University Health,IN,N/A,0.00,N/A,N/A,-265760.65
166,166,36373,"UnitedHealth Group, Inc.",IN,N/A,0.00,N/A,N/A,147741.02
167,167,43442,"Humana, Inc.",IN,N/A,0.00,N/A,N/A,-1113912.68
168,168,50816,"Physicians Health Plan of Northern Indiana, Inc.",IN,N/A,16296.75,N/A,N/A,-3051303.81
169,169,54192,CareSource,IN,61808.50,N/A,-12933547.30,N/A,N/A
170,170,67920,Southeastern Indiana Health Organization,IN,N/A,0.00,N/A,N/A,232857.81
171,171,72850,"UnitedHealth Group, Inc.",IN,N/A,881178.17,N/A,N/A,-2650111.25
172,172,76179,Centene Corporation,IN,1293411.70,N/A,12933547.39,N/A,N/A
173,173,99791,"Humana, Inc.",IN,N/A,5387.23,N/A,N/A,-223089.05
174,174,18558,"Blue Cross and Blue Shield of Kansas, Inc.",KS,815905.48,347787.38,-11593606.91,N/A,-7891084.80
175,175,19968,"Humana, Inc.",KS,N/A,0.00,N/A,N/A,3574503.60
176,176,27811,"Blue Cross and Blue Shield of Kansas, Inc.",KS,N/A,0.00,N/A,N/A,-902058.17
177,177,39520,Medica Insurance Company,KS,0.00,N/A,2779948.57,0.00,N/A
178,178,49857,"Humana, Inc.",KS,N/A,0.00,N/A,N/A,144832.97
179,179,57850,"Aetna, Inc.",KS,N/A,0.00,N/A,N/A,127918.88
180,180,80065,Centene Corporation,KS,245836.45,N/A,8683600.84,N/A,N/A
181,181,84600,"Aetna, Inc.",KS,N/A,0.00,N/A,N/A,-131441.85
182,182,94248,Blue Cross and Blue Shield of Kansas City,KS,0.00,0.00,130057.47,N/A,2569889.67
183,183,94968,"UnitedHealth Group, Inc.",KS,N/A,2925.76,N/A,N/A,2507439.83
184,184,15411,"Humana, Inc.",KY,N/A,144719.73,N/A,N/A,-1069657.08
185,185,23671,"UnitedHealth Group, Inc.",KY,N/A,0.00,N/A,N/A,-2484842.49
186,186,28773,"UnitedHealth Group, Inc.",KY,N/A,0.00,N/A,N/A,-269089.85
187,187,34822,"Aetna, Inc.",KY,N/A,0.00,N/A,N/A,-7384.36
188,188,36239,"Anthem, Inc.",KY,112923.34,75587.39,-3287986.61,-124574.42,3598355.49
189,189,40586,Baptist Health Plan,KY,N/A,0.00,N/A,N/A,-480698.92
190,190,45636,CareSource,KY,2318.73,N/A,3287986.61,124574.42,N/A
191,191,45920,"UnitedHealth Group, Inc.",KY,N/A,0.00,N/A,N/A,713317.03
192,192,14030,"Aetna, Inc.",LA,N/A,0.00,N/A,N/A,-20691.77
193,193,19636,Blue Cross Blue Shield of Louisiana,LA,91687.72,0.00,-73454376.23,N/A,-5295041.84
194,194,38499,"UnitedHealth Group, Inc.",LA,N/A,0.00,N/A,N/A,-198092.80
195,195,44965,"Humana, Inc.",LA,N/A,0.00,N/A,N/A,-2000144.94
196,196,53946,"UnitedHealth Group, Inc.",LA,N/A,0.00,N/A,N/A,-713411.75
197,197,67243,"Vantage Health Plan, Inc.",LA,0.00,0.00,-2946175.52,N/A,404024.11
198,198,69842,"UnitedHealth Group, Inc.",LA,N/A,440021.92,N/A,N/A,-913127.93
199,199,81941,"Aetna, Inc.",LA,N/A,0.00,N/A,N/A,-56697.06
200,200,97176,Blue Cross Blue Shield of Louisiana,LA,770245.22,1833487.77,76400551.71,N/A,8793183.93
201,201,23620,"UnitedHealth Group, Inc.",MD,N/A,56501.43,N/A,N/A,3509627.72
202,202,28137,CareFirst,MD,180024.79,304608.58,31193835.23,-252534.35,-12256680.53
203,203,31112,"UnitedHealth Group, Inc.",MD,N/A,0.00,N/A,N/A,-6116663.64
204,204,45532,CareFirst,MD,189430.79,729873.64,52045710.44,N/A,9815643.05
205,205,65635,"UnitedHealth Group, Inc.",MD,N/A,0.00,N/A,N/A,2396160.88
206,206,66516,"Aetna, Inc.",MD,N/A,0.00,N/A,N/A,98363.58
207,207,70767,"Aetna, Inc.",MD,N/A,0.00,N/A,N/A,203769.25
208,208,72375,"UnitedHealth Group, Inc.",MD,N/A,387402.02,N/A,N/A,-8302972.30
209,209,90296,Kaiser Permanente,MD,311583.99,135164.96,-119992217.28,252534.34,-4857082.47
210,210,94084,CareFirst,MD,0.00,934483.28,36752671.65,N/A,15509834.51
211,211,11593,"HPHC Insurance Company, Inc",ME,N/A,589570.58,N/A,N/A,1883154.12
212,212,33653,Maine Community Health Options,ME,0.00,0.00,-17598622.74,73118.04,-3607861.15
213,213,48396,"Anthem, Inc.",ME,0.00,0.00,6033018.60,-73118.05,1867113.25
214,214,53357,"Aetna, Inc.",ME,N/A,0.00,N/A,N/A,1062166.72
215,215,73250,"Aetna, Inc.",ME,N/A,0.00,N/A,N/A,-132556.45
216,216,90214,"UnitedHealth Group, Inc.",ME,N/A,0.00,N/A,N/A,-888085.43
217,217,96667,"HPHC Insurance Company, Inc",ME,878121.68,0.00,11565604.19,N/A,-183930.99
218,218,15560,Blue Cross Blue Shield of Michigan,MI,1219770.68,1733259.01,105190784.67,1992383.31,9330777.06
219,219,20662,Physicians Health Plan,MI,N/A,0.00,N/A,N/A,-91947.03
220,220,29241,Priority Health,MI,N/A,0.00,N/A,N/A,283794.39
221,221,29698,Priority Health,MI,0.00,465052.61,-39048440.47,N/A,-4945191.84
222,222,37651,Health Alliance Plan HAP,MI,0.00,0.00,-727122.66,-403824.00,2632134.00
223,223,40047,Molina Healthcare,MI,0.00,N/A,-19480573.69,N/A,N/A
224,224,52670,"UnitedHealth Group, Inc.",MI,N/A,0.00,N/A,N/A,-22687.16
225,225,58594,"Meridian Health Plan of Michigan, Inc.",MI,0.00,N/A,-6714520.68,-283789.07,N/A
226,226,60829,Physicians Health Plan,MI,0.00,0.00,-3107390.09,-7762.09,283872.67
227,227,62294,"Humana, Inc.",MI,N/A,0.00,N/A,N/A,-212427.29
228,228,63631,"UnitedHealth Group, Inc.",MI,N/A,0.00,N/A,N/A,-1052224.36
229,229,67183,"Total Health Care USA, Inc.",MI,0.00,0.00,-10282614.24,N/A,216255.75
230,230,67577,Health Alliance Plan HAP,MI,0.00,0.00,366746.18,-85130.90,946943.33
231,231,74917,McLaren Health Care,MI,316261.34,0.00,-2861423.37,-126212.31,372435.74
232,232,95233,Paramount Insurance Company,MI,N/A,0.00,N/A,N/A,175307.30
233,233,98185,Blue Cross Blue Shield of Michigan,MI,508266.92,67053.62,-23335445.65,-1085664.93,-7917042.60
234,234,31616,Medica Insurance Company,MN,862360.19,199128.18,8696709.02,-245950.60,5075139.49
235,235,34102,HealthPartners Insurance Company,MN,110077.62,N/A,-37956175.69,423710.64,N/A
236,236,49316,Blue Cross Blue Shield of Minnesota,MN,N/A,1892272.85,N/A,N/A,21729013.18
237,237,52346,Sanford Health Plan,MN,N/A,0.00,N/A,N/A,-27433.11
238,238,57129,Blue Cross Blue Shield of Minnesota,MN,0.00,0.00,19056777.68,N/A,-5354512.26
239,239,70373,Quartz Health Solutions,MN,N/A,0.00,N/A,N/A,-582451.59
240,240,79888,HealthPartners Insurance Company,MN,N/A,3067932.22,N/A,N/A,-18216645.22
241,241,85654,HealthPartners Insurance Company,MN,N/A,0.00,N/A,N/A,-962178.52
242,242,85736,UCare Minnesota,MN,1523558.19,N/A,8101529.32,-171322.08,N/A
243,243,88102,PreferredOne Insurance Company,MN,0.00,880864.52,2101159.51,-6437.94,-1606215.80
244,244,97624,PreferredOne Insurance Company,MN,N/A,0.00,N/A,N/A,-54716.13
245,245,30613,"Humana, Inc.",MO,N/A,0.00,N/A,N/A,-772207.54
246,246,32753,"Anthem, Inc.",MO,784471.56,0.00,-16066943.61,443822.96,2912857.47
247,247,32898,"Aetna, Inc.",MO,N/A,0.00,N/A,N/A,-5917.99
248,248,34762,Blue Cross and Blue Shield of Kansas City,MO,0.00,94200.46,247623.50,N/A,1607854.39
249,249,48161,"Aetna, Inc.",MO,N/A,0.00,N/A,N/A,153964.44
250,250,74483,Cigna,MO,75585.78,N/A,-38548201.00,N/A,N/A
251,251,95426,"UnitedHealth Group, Inc.",MO,N/A,90560.30,N/A,N/A,-2677703.50
252,252,96384,Cox HealthPlans,MO,0.00,90419.51,-1075774.51,-443822.95,-1218847.28
253,253,99723,Centene Corporation,MO,1562048.77,N/A,55443295.58,N/A,N/A
254,254,11721,Blue Cross Blue Shield of Mississippi,MS,365129.10,54613.27,1923319.68,N/A,-531168.38
255,255,26781,"UnitedHealth Group, Inc.",MS,N/A,0.00,N/A,N/A,-81430.37
256,256,48963,"Humana, Inc.",MS,N/A,0.00,N/A,N/A,327880.85
257,257,61794,"UnitedHealth Group, Inc.",MS,N/A,0.00,N/A,N/A,-62475.45
258,258,90714,Centene Corporation,MS,0.00,N/A,-1923319.68,N/A,N/A
259,259,97560,"UnitedHealth Group, Inc.",MS,N/A,0.00,N/A,N/A,488406.29
260,260,98805,"UnitedHealth Group, Inc.",MS,N/A,0.00,N/A,N/A,-141212.92
261,261,23603,PacificSource Health Plans,MT,0.00,568551.18,590688.46,N/A,-5934314.84
262,262,30751,Health Care Service Corporation,MT,686040.56,0.00,29940321.60,170427.51,6014895.53
263,263,32225,Montana Health Cooperative,MT,0.00,0.00,-30531010.08,-170427.51,-62043.60
264,264,46621,"UnitedHealth Group, Inc.",MT,N/A,0.00,N/A,N/A,-18537.12
265,265,11512,Blue Cross Blue Shield of North Carolina,NC,8841195.88,3105124.57,20591387.43,0.00,17062842.61
266,266,43283,FirstCarolinaCare Insurance Company,NC,N/A,0.00,N/A,N/A,-433074.57
267,267,54332,"UnitedHealth Group, Inc.",NC,N/A,829158.40,N/A,N/A,-12037981.33
268,268,58658,"UnitedHealth Group, Inc.",NC,N/A,0.00,N/A,N/A,438483.42
269,269,61644,"Aetna, Inc.",NC,N/A,0.00,N/A,N/A,1439519.22
270,270,61671,"Aetna, Inc.",NC,N/A,0.00,N/A,N/A,-40666.89
271,271,69347,"UnitedHealth Group, Inc.",NC,N/A,0.00,N/A,N/A,-6402728.61
272,272,72487,"UnitedHealth Group, Inc.",NC,N/A,0.00,N/A,N/A,-26393.62
273,273,73943,Cigna,NC,0.00,N/A,-20591387.48,N/A,N/A
274,274,37160,Blue Cross Blue Shield of North Dakota,ND,1263453.68,0.00,2851014.21,-80707.67,267203.98
275,275,39364,Medica Insurance Company,ND,N/A,0.00,N/A,N/A,799368.01
276,276,73751,Medica Insurance Company,ND,11486.57,0.00,522839.25,-21463.60,-55815.83
277,277,89364,Sanford Health Plan,ND,0.00,0.00,-3373853.47,102171.27,-1010756.17
278,278,20305,Medica Insurance Company,NE,4852870.66,N/A,0.00,0.00,N/A
279,279,29678,Blue Cross and Blue Shield of Nebraska,NE,N/A,858927.20,N/A,N/A,-3226100.90
280,280,44751,"UnitedHealth Group, Inc.",NE,N/A,0.00,N/A,N/A,116037.13
281,281,44794,"Aetna, Inc.",NE,N/A,0.00,N/A,N/A,-83103.64
282,282,59699,"Aetna, Inc.",NE,N/A,0.00,N/A,N/A,258836.04
283,283,73102,"UnitedHealth Group, Inc.",NE,N/A,13705.18,N/A,N/A,2934331.44
284,284,51889,"UnitedHealth Group, Inc.",NH,N/A,0.00,N/A,N/A,-900627.37
285,285,57601,"Anthem, Inc.",NH,N/A,0.00,N/A,N/A,291430.77
286,286,59025,"HPHC Insurance Company, Inc",NH,0.00,326081.18,21829761.45,N/A,-1247814.96
287,287,71616,"HPHC Insurance Company, Inc",NH,N/A,0.00,N/A,N/A,4286970.65
288,288,75841,Centene Corporation,NH,0.00,N/A,15981929.25,N/A,N/A
289,289,86365,Tufts Associated Health Organization Inc. Maintenance,NH,N/A,0.00,N/A,N/A,-5688716.74
290,290,96751,"Anthem, Inc.",NH,248503.66,853464.73,-37811690.72,0.00,3258757.67
291,291,13953,Horizon Blue Cross Blue Shield of New Jersey,NJ,N/A,0.00,N/A,N/A,639252.23
292,292,23458,Cigna,NJ,N/A,0.00,N/A,N/A,246920.35
293,293,23818,Oscar Health,NJ,0.00,0.00,-12464783.91,-1257453.81,-589030.10
294,294,41014,Cigna,NJ,133303.00,0.00,4546819.35,N/A,-4392.03
295,295,48834,"UnitedHealth Group, Inc.",NJ,N/A,0.00,N/A,N/A,23931.63
296,296,77263,"UnitedHealth Group, Inc.",NJ,0.00,545864.13,25373426.55,N/A,3357783.37
297,297,77606,Independence Blue Cross,NJ,41846.45,115333.58,-5659848.57,N/A,-8352634.74
298,298,82884,"Aetna, Inc.",NJ,N/A,0.00,N/A,N/A,-688016.88
299,299,89217,"Aetna, Inc.",NJ,N/A,0.00,N/A,N/A,1204355.50
300,300,91661,Horizon Blue Cross Blue Shield of New Jersey,NJ,3183358.84,1825042.66,88470083.03,799884.21,-2025116.43
301,301,91762,Independence Blue Cross,NJ,980822.98,563377.97,-100265696.42,457569.61,6186947.05
302,302,19722,Molina Healthcare,NM,351655.38,N/A,-6773839.58,N/A,N/A
303,303,42776,"True Health New Mexico, Inc.",NM,N/A,0.00,N/A,N/A,-3779296.30
304,304,52744,Presbyterian Healthcare Services,NM,N/A,0.00,N/A,N/A,2468687.49
305,305,57173,Presbyterian Healthcare Services,NM,0.00,0.00,-904288.89,16956.39,-5048220.08
306,306,72034,CHRISTUS Health,NM,0.00,N/A,-1866069.52,-29785.53,N/A
307,307,75605,Health Care Service Corporation,NM,194788.30,931624.67,7281914.06,317.37,5562429.10
308,308,90762,"UnitedHealth Group, Inc.",NM,N/A,0.00,N/A,N/A,887189.83
309,309,93091,New Mexico Health Connections,NM,274867.06,0.00,2262283.93,12511.78,-90790.05
310,310,16698,"Universal Health Services, Inc.",NV,N/A,0.00,N/A,N/A,75897.60
311,311,19298,"Aetna, Inc.",NV,N/A,0.00,N/A,N/A,16000.02
312,312,20895,"Humana, Inc.",NV,N/A,0.00,N/A,N/A,-10810.69
313,313,27990,"Aetna, Inc.",NV,N/A,329252.04,N/A,N/A,399435.39
314,314,33670,"Anthem, Inc.",NV,0.00,4272673.17,N/A,669932.01,4411822.33
315,315,41094,"Hometown Health Plan, Inc.",NV,0.00,0.00,-2139297.98,-53877.48,-972202.42
316,316,42313,WMI Mutual Insurance Company,NV,N/A,0.00,N/A,N/A,-31659.03
317,317,45142,Centene Corporation,NV,132432.88,N/A,4230613.42,N/A,N/A
318,318,60156,"Anthem, Inc.",NV,0.00,0.00,N/A,-171935.19,222963.26
319,319,68524,"Universal Health Services, Inc.",NV,N/A,0.00,N/A,N/A,-126074.19
320,320,74222,"UnitedHealth Group, Inc.",NV,N/A,0.00,N/A,N/A,431277.67
321,321,83198,"UnitedHealth Group, Inc.",NV,54432.90,1054230.20,10259411.98,-243827.61,1198631.09
322,322,85266,"Hometown Health Plan, Inc.",NV,0.00,0.00,2049643.64,-135190.06,-2068164.03
323,323,93696,"Humana, Inc.",NV,N/A,0.00,N/A,N/A,-52975.09
324,324,95865,"UnitedHealth Group, Inc.",NV,653436.55,938386.96,-14400371.12,-65101.69,-3494141.98
325,325,11177,Metro Plus Health Plan,NY,0.00,0.00,-11809658.01,-3719.40,-3851357.07
326,326,17210,"Aetna, Inc.",NY,0.00,857912.31,-55662.94,N/A,-9821211.60
327,327,18029,Independent Health,NY,0.00,78835.70,8786743.48,-8736.39,4115450.69
328,328,25303,"New York State Catholic Health Plan, Inc.",NY,671195.86,N/A,-80481834.97,713113.34,N/A
329,329,36346,"HealthNow New York, Inc.",NY,0.00,40518.46,2619052.34,N/A,-3184196.48
330,330,43477,Crystal Run Health Plans,NY,N/A,0.00,N/A,N/A,-3177418.69
331,331,44113,"Anthem, Inc.",NY,695941.48,1152290.38,64882734.62,488384.09,-5714320.48
332,332,49526,"HealthNow New York, Inc.",NY,460069.25,263919.37,8476463.05,N/A,17456253.28
333,333,54235,"UnitedHealth Group, Inc.",NY,25402.38,N/A,17798507.13,55763.24,N/A
334,334,54297,"UnitedHealth Group, Inc.",NY,0.00,0.00,571029.83,N/A,-293055.46
335,335,56184,"MVP Health Plan, Inc.",NY,182781.91,0.00,10284174.14,185141.06,-2321891.48
336,336,61405,Healthfirst,NY,0.00,0.00,25614.63,N/A,-14820874.83
337,337,73886,Crystal Run Health Plans,NY,0.00,0.00,174690.61,-3719.83,-2566891.21
338,338,74289,Oscar Health,NY,0.00,1214.95,-45555469.64,-1981657.28,-29336231.80
339,339,78124,"Excellus Health Plan, Inc.",NY,146650.21,5524423.94,26068206.42,209262.74,-31514039.17
340,340,80519,"Anthem, Inc.",NY,0.00,0.00,437785.13,25253.67,-2825520.88
341,341,82483,North Shore-LIJ Health System,NY,N/A,0.00,N/A,N/A,-14940535.65
342,342,85629,"UnitedHealth Group, Inc.",NY,N/A,14488743.79,N/A,N/A,132045665.16
343,343,88582,EmblemHealth,NY,420145.53,0.00,-4673283.28,211275.05,-35223647.37
344,344,89846,"MVP Health Plan, Inc.",NY,N/A,517859.24,N/A,N/A,2946107.83
345,345,91237,Healthfirst,NY,0.00,N/A,-2898497.35,114947.49,N/A
346,346,92551,"CDPHP Universal Benefits, Inc.",NY,N/A,62304.55,N/A,N/A,8771887.75
347,347,94788,"CDPHP Universal Benefits, Inc.",NY,0.00,0.00,5349404.72,-5307.76,-5744172.30
348,348,28162,AultCare Insurance Company,OH,248787.08,0.00,3907368.13,-61446.45,-1454223.77
349,349,29276,"Anthem, Inc.",OH,165382.34,1095485.44,231022.64,N/A,12900070.02
350,350,33232,"UnitedHealth Group, Inc.",OH,N/A,0.00,N/A,N/A,-1040419.00
351,351,33931,"UnitedHealth Group, Inc.",OH,N/A,0.00,N/A,N/A,-491.07
352,352,41047,Centene Corporation,OH,0.00,N/A,-3756152.59,N/A,N/A
353,353,45845,Oscar Health,OH,0.00,N/A,19440763.53,103786.13,N/A
354,354,52664,Summa Insurance Company,OH,694464.47,150619.90,2026634.72,-9288.23,-304820.71
355,355,56726,"UnitedHealth Group, Inc.",OH,N/A,0.00,N/A,N/A,352489.35
356,356,61724,"UnitedHealth Group, Inc.",OH,N/A,132477.93,N/A,N/A,-10482677.83
357,357,64353,Molina Healthcare,OH,0.00,N/A,1731685.12,N/A,N/A
358,358,66083,"Humana, Inc.",OH,N/A,63815.52,N/A,N/A,-4203609.22
359,359,67129,"Aetna, Inc.",OH,N/A,0.00,N/A,N/A,-788559.01
360,360,74313,Paramount Insurance Company,OH,0.00,0.00,-2959853.64,N/A,-661961.10
361,361,77552,CareSource,OH,2952303.38,N/A,20457915.59,N/A,N/A
362,362,80627,Medical Mutual of Ohio,OH,N/A,671632.18,N/A,N/A,6096462.44
363,363,83396,The Health Plan of the Upper Ohio Valley,OH,0.00,0.00,-337530.52,N/A,-371942.60
364,364,84867,"Aetna, Inc.",OH,N/A,0.00,N/A,N/A,-178955.27
365,365,97596,"Humana, Inc.",OH,N/A,0.00,N/A,N/A,143109.66
366,366,98810,The Health Plan of the Upper Ohio Valley,OH,N/A,0.00,N/A,N/A,-3810.87
367,367,99969,Medical Mutual of Ohio,OH,835375.00,0.00,-40741853.04,-33051.46,-661.13
368,368,45480,"UnitedHealth Group, Inc.",OK,N/A,0.00,N/A,N/A,-650887.48
369,369,66946,"Aetna, Inc.",OK,N/A,0.00,N/A,N/A,630528.36
370,370,76275,"Aetna, Inc.",OK,N/A,0.00,N/A,N/A,-32404.33
371,371,85757,"UnitedHealth Group, Inc.",OK,N/A,0.00,N/A,N/A,-2208570.70
372,372,87571,Health Care Service Corporation,OK,551790.65,2859318.74,-1158988.37,253036.50,8197993.56
373,373,87698,CommunityCare,OK,N/A,0.00,N/A,N/A,246602.02
374,374,98905,CommunityCare,OK,0.00,0.00,1158988.37,-253036.50,-6183261.46
375,375,10091,PacificSource Health Plans,OR,0.00,56701.96,1318216.28,119312.71,-1968392.50
376,376,10940,Centene Corporation,OR,0.00,30378.94,1448014.38,N/A,3135992.86
377,377,33375,Samaritan Health Plans,OR,N/A,0.00,N/A,N/A,-24009.77
378,378,39424,"Moda Health Plan, Inc.",OR,1714604.86,0.00,34951680.86,N/A,960838.09
379,379,56707,Providence Health & Services,OR,0.00,1022762.19,498299.06,N/A,3098932.80
380,380,63474,Cambia Health Solutions,OR,0.00,N/A,2790592.04,N/A,N/A
381,381,71287,Kaiser Permanente,OR,0.00,82499.40,-39312256.02,-119312.71,-4315928.24
382,382,77969,Cambia Health Solutions,OR,0.00,1415386.60,-1694546.61,N/A,234440.60
383,383,90175,"UnitedHealth Group, Inc.",OR,N/A,0.00,N/A,N/A,-1121873.62
384,384,16322,UPMC Health Plan,PA,4230123.44,394812.75,-42257158.78,-234769.70,7071176.72
385,385,18939,"Aetna, Inc.",PA,N/A,310616.39,N/A,N/A,733546.51
386,386,22444,Geisinger Health System,PA,384488.74,0.00,-34028135.82,378002.60,-860275.55
387,387,23489,"UnitedHealth Group, Inc.",PA,N/A,1418328.85,N/A,N/A,-10425381.90
388,388,31609,Independence Blue Cross,PA,1115413.48,220731.54,69336559.46,-71546.50,12569176.11
389,389,33709,Highmark,PA,0.00,1934781.32,1815873.28,-69515.64,2786959.62
390,390,33871,Independence Blue Cross,PA,449267.62,1673656.87,-55241067.85,N/A,-18786717.09
391,391,33906,"Aetna, Inc.",PA,N/A,0.00,N/A,N/A,-144915.20
392,392,36247,Highmark,PA,0.00,N/A,N/A,114006.43,N/A
393,393,38949,Highmark,PA,12123.47,N/A,6792794.49,N/A,N/A
394,394,45127,Capital Blue Cross,PA,254266.41,381154.84,54650568.61,N/A,5325755.03
395,395,53789,Capital Blue Cross,PA,0.00,0.00,-3438934.21,-88303.03,-541934.02
396,396,55957,Highmark,PA,0.00,480603.40,425782.43,N/A,4624619.74
397,397,62560,UPMC Health Plan,PA,0.00,0.00,-6317.68,N/A,5111.22
398,398,64844,"Aetna, Inc.",PA,N/A,0.00,N/A,N/A,-314285.45
399,399,70194,Highmark,PA,0.00,0.00,3368920.05,16738.60,191350.00
400,400,75729,Geisinger Health System,PA,0.00,492836.19,192036.81,N/A,-3883200.50
401,401,79279,Highmark,PA,N/A,0.00,N/A,N/A,1903032.94
402,402,79962,Highmark,PA,N/A,0.00,N/A,N/A,-19336.60
403,403,82795,Capital Blue Cross,PA,0.00,0.00,128095.67,N/A,-234681.64
404,404,83731,Highmark,PA,0.00,N/A,-1739016.47,-44612.77,N/A
405,405,15287,Blue Cross Blue Shield of Rhode Island,RI,289785.38,1056454.62,9430166.34,N/A,3591069.90
406,406,26322,Tufts Associated Health Maintenance Organization Inc.,RI,N/A,0.00,N/A,N/A,-1351775.43
407,407,77514,Neighborhood Health Plan of Rhode Island,RI,0.00,0.00,-9430166.35,N/A,-780268.97
408,408,79881,"UnitedHealth Group, Inc.",RI,N/A,0.00,N/A,N/A,1548.02
409,409,90010,Tufts Associated Health Maintenance Organization Inc.,RI,N/A,0.00,N/A,N/A,-1004532.31
410,410,90117,"UnitedHealth Group, Inc.",RI,N/A,0.00,N/A,N/A,-456041.11
411,411,22369,"Aetna, Inc.",SC,N/A,0.00,N/A,N/A,119628.51
412,412,26065,"BlueChoice HealthPlan of South Carolina, Inc.",SC,1725278.75,0.00,8866099.87,383316.89,3744553.27
413,413,38408,"Aetna, Inc.",SC,N/A,0.00,N/A,N/A,-336490.07
414,414,49532,"BlueChoice HealthPlan of South Carolina, Inc.",SC,0.00,372502.66,-8866099.84,-383316.85,-2353796.43
415,415,57860,"UnitedHealth Group, Inc.",SC,N/A,0.00,N/A,N/A,-143529.51
416,416,64146,"UnitedHealth Group, Inc.",SC,N/A,317232.63,N/A,N/A,-1030365.90
417,417,31195,Sanford Health Plan,SD,0.00,0.00,-7461533.88,-95138.05,-403695.00
418,418,50305,"Wellmark, Inc.",SD,N/A,333240.13,N/A,N/A,2386070.74
419,419,60536,"Avera Health Plans, Inc.",SD,25435.31,0.00,7461533.85,95138.05,-1528211.85
420,420,62210,DAKOTACARE,SD,N/A,0.00,N/A,N/A,-625396.21
421,421,96594,Medica Insurance Company,SD,N/A,0.00,N/A,N/A,171232.26
422,422,10958,"UnitedHealth Group, Inc.",TN,N/A,0.00,N/A,N/A,-3587647.91
423,423,14002,BlueCross BlueShield of Tennessee,TN,386423.49,1112269.75,26955841.61,N/A,1653288.73
424,424,23552,Oscar Health,TN,128540.68,N/A,-31691661.23,0.00,N/A
425,425,31552,"Aetna, Inc.",TN,N/A,0.00,N/A,N/A,69013.33
426,426,69443,"UnitedHealth Group, Inc.",TN,N/A,0.00,N/A,N/A,1986498.22
427,427,82120,"Humana, Inc.",TN,N/A,369374.50,N/A,N/A,-121152.25
428,428,99248,Cigna,TN,0.00,N/A,4735819.61,N/A,N/A
429,429,20069,Oscar Health,TX,245309.69,N/A,-95596353.84,-2510025.16,N/A
430,430,26539,FirstCare Health Plans,TX,250280.80,0.00,16224229.11,N/A,-958404.05
431,431,27248,"Community Health Choice, Inc.",TX,164306.67,N/A,15816411.74,N/A,N/A
432,432,29418,Centene Corporation,TX,1109266.46,N/A,-92703905.49,N/A,N/A
433,433,30609,Memorial Hermann Health Plan,TX,N/A,0.00,N/A,N/A,68101.63
434,434,32673,"Humana, Inc.",TX,N/A,659240.38,N/A,N/A,4085927.83
435,435,33602,Health Care Service Corporation,TX,6168542.59,19001011.72,435834956.41,2236795.14,14312148.36
436,436,37392,"Universal Health Services, Inc.",TX,N/A,0.00,N/A,N/A,6606.34
437,437,37755,Scott & White Health Plan,TX,0.00,0.00,3158031.04,N/A,-59639.22
438,438,40220,"UnitedHealth Group, Inc.",TX,N/A,0.00,N/A,N/A,-4712317.54
439,439,40788,Scott & White Health Plan,TX,0.00,222499.19,11012864.95,N/A,-5352063.99
440,440,41541,Memorial Hermann Health Plan,TX,N/A,0.00,N/A,N/A,-4397930.39
441,441,41549,FirstCare Health Plans,TX,N/A,0.00,N/A,N/A,210011.64
442,442,45786,Molina Healthcare,TX,67.44,N/A,-264718027.94,N/A,N/A
443,443,46224,"Community First Health Plans, Inc.",TX,0.00,N/A,49819.86,N/A,N/A
444,444,58840,"Aetna, Inc.",TX,N/A,0.00,N/A,N/A,-89513.07
445,445,63141,"Humana, Inc.",TX,N/A,0.00,N/A,N/A,1889041.23
446,446,66252,CHRISTUS Health,TX,145837.72,N/A,-1057424.57,273230.06,N/A
447,447,71837,"Sendero Health Plans, Inc.",TX,0.00,N/A,-20621558.84,N/A,N/A
448,448,75394,"Aetna, Inc.",TX,N/A,0.00,N/A,N/A,-14927.01
449,449,81795,Arkansas Blue Cross and Blue Shield,TX,N/A,0.00,N/A,N/A,-411652.41
450,450,84479,"Vista Health Plan, Inc.",TX,0.00,0.00,-7399042.39,N/A,-613682.59
451,451,91716,"Aetna, Inc.",TX,N/A,0.00,N/A,N/A,2613076.23
452,452,98809,"UnitedHealth Group, Inc.",TX,N/A,960539.12,N/A,N/A,-6574783.21
453,453,22013,Cambia Health Solutions,UT,0.00,27334.69,14544715.09,N/A,3909241.48
454,454,29031,National Health Insurance Company,UT,N/A,0.00,N/A,N/A,310578.40
455,455,34541,Cambia Health Solutions,UT,0.00,N/A,46352.18,N/A,N/A
456,456,38927,"Aetna, Inc.",UT,N/A,0.00,N/A,N/A,540988.46
457,457,42261,University of Utah Health Insurance Plans,UT,0.00,N/A,33373024.41,N/A,N/A
458,458,46958,"Humana, Inc.",UT,N/A,0.00,N/A,N/A,259046.42
459,459,48588,"Aetna, Inc.",UT,N/A,0.00,N/A,N/A,32072.51
460,460,66413,"UnitedHealth Group, Inc.",UT,N/A,0.00,N/A,N/A,-145260.78
461,461,68781,SelectHealth,UT,694091.45,382923.60,-47964091.71,0.00,-4945384.47
462,462,80043,WMI Mutual Insurance Company,UT,N/A,0.00,N/A,N/A,105237.61
463,463,97462,"UnitedHealth Group, Inc.",UT,N/A,9494.51,N/A,N/A,-66519.59
464,464,10207,CareFirst,VA,0.00,0.00,19136780.85,244161.59,-10247905.68
465,465,12028,"Aetna, Inc.",VA,N/A,0.00,N/A,N/A,772242.77
466,466,15668,Piedmont Community Health Plan,VA,N/A,0.00,N/A,N/A,-29834.22
467,467,16064,"Anthem, Inc.",VA,N/A,4057517.38,N/A,N/A,34692673.65
468,468,20507,Optima Health,VA,1752594.56,421374.57,91862379.48,N/A,1608428.89
469,469,24251,"UnitedHealth Group, Inc.",VA,N/A,0.00,N/A,N/A,-3486542.45
470,470,25978,"UnitedHealth Group, Inc.",VA,N/A,620241.53,N/A,N/A,-20749680.38
471,471,37204,Piedmont Community Health Plan,VA,1092428.17,0.00,8717225.07,51747.25,-262186.93
472,472,38234,"Aetna, Inc.",VA,N/A,0.00,N/A,N/A,-759247.74
473,473,38599,"UnitedHealth Group, Inc.",VA,N/A,0.00,N/A,N/A,-1615867.33
474,474,40308,CareFirst,VA,93404.71,0.00,35707401.65,N/A,7781463.42
475,475,41921,Cigna,VA,239493.60,N/A,-63207393.74,N/A,N/A
476,476,86443,"Aetna, Inc.",VA,N/A,0.00,N/A,N/A,-1481565.58
477,477,88380,"Anthem, Inc.",VA,0.00,840037.63,20032856.47,511061.29,998967.68
478,478,89242,Optima Health,VA,N/A,0.00,N/A,N/A,1522053.38
479,479,89498,"UnitedHealth Group, Inc.",VA,N/A,0.00,N/A,N/A,-108151.74
480,480,93187,"Aetna, Inc.",VA,N/A,0.00,N/A,N/A,1054527.80
481,481,95185,Kaiser Permanente,VA,2788459.30,0.00,-112249249.72,-806970.12,-9689375.41
482,482,18699,"UnitedHealth Group, Inc.",WA,N/A,719642.44,N/A,N/A,-1341884.18
483,483,23371,Kaiser Permanente,WA,0.00,0.00,-12893384.72,-1247.56,-3657269.59
484,484,25768,Kaiser Permanente,WA,N/A,37789.42,N/A,N/A,-4992680.95
485,485,34673,"Aetna, Inc.",WA,N/A,0.00,N/A,N/A,-366590.04
486,486,36026,Centene Corporation,WA,N/A,0.00,N/A,N/A,-288951.99
487,487,38229,"Health Alliance Medical Plans, Inc.",WA,0.00,0.00,10790.77,N/A,-5724.50
488,488,38498,Premera Blue Cross,WA,1913.44,N/A,2919205.50,N/A,N/A
489,489,43861,"UnitedHealth Group, Inc.",WA,N/A,0.00,N/A,N/A,118146.09
490,490,49831,Premera Blue Cross,WA,1945192.72,152739.64,75344637.89,N/A,3093511.71
491,491,53732,Cambia Health Solutions,WA,0.00,N/A,-580074.07,N/A,N/A
492,492,61836,Centene Corporation,WA,0.00,N/A,-24040639.81,N/A,N/A
493,493,69364,Cambia Health Solutions,WA,0.00,0.00,1248238.49,N/A,317350.23
494,494,71281,Cambia Health Solutions,WA,0.00,0.00,2267268.38,N/A,748518.52
495,495,80473,Kaiser Permanente,WA,2650295.34,233042.79,-85447682.75,1247.57,-10095568.45
496,496,84481,Molina Healthcare,WA,162810.82,N/A,39807835.01,N/A,N/A
497,497,87718,Cambia Health Solutions,WA,665025.40,598606.16,1363805.27,N/A,16471143.18
498,498,14630,Children's Community Health Plan,WI,372637.21,N/A,7703597.85,661681.63,N/A
499,499,16245,Group Health Cooperative of Eau Claire,WI,N/A,0.00,N/A,N/A,-1197243.63
500,500,20173,HealthPartners Insurance Company,WI,0.00,0.00,-4410833.55,-72840.76,-296289.44
501,501,35334,MercyCare Insurance Company,WI,N/A,0.00,N/A,N/A,-94528.34
502,502,37833,Quartz Health Solutions,WI,188465.71,0.00,12000211.10,13923.63,-5228627.37
503,503,38166,"Security Health Plan of Wisconsin, Inc.",WI,0.00,0.00,-31170759.91,97161.77,-1693415.95
504,504,38345,"Dean Health Plan, Inc.",WI,579793.67,0.00,-28547005.13,-458253.69,-6340531.14
505,505,38752,"Aetna, Inc.",WI,N/A,0.00,N/A,N/A,29874.86
506,506,39924,"UnitedHealth Group, Inc.",WI,N/A,0.00,N/A,N/A,-37453.53
507,507,47342,Health Tradition Health Plan,WI,N/A,0.00,N/A,N/A,118368.70
508,508,55103,"Humana, Inc.",WI,N/A,116465.90,N/A,N/A,176517.41
509,509,57637,Medica Insurance Company,WI,N/A,0.00,N/A,N/A,-627133.75
510,510,57845,Medica Insurance Company,WI,0.00,N/A,11439533.73,-66453.75,N/A
511,511,58326,MercyCare Insurance Company,WI,0.00,0.00,-3296667.65,N/A,-1390378.13
512,512,58564,Quartz Health Solutions,WI,0.00,0.00,191934.46,-6989.33,-171174.60
513,513,59158,"UnitedHealth Group, Inc.",WI,N/A,206392.13,N/A,N/A,9573193.77
514,514,64772,Medical Associates Health Plans,WI,N/A,0.00,N/A,N/A,-196183.50
515,515,79475,"Anthem, Inc.",WI,0.00,0.00,N/A,N/A,4268933.62
516,516,80180,"UnitedHealth Group, Inc.",WI,N/A,0.00,N/A,N/A,918309.84
517,517,81413,Network Health Plan,WI,212215.03,0.00,11763015.01,N/A,43554.05
518,518,81974,Wisconsin Physicians Svc Insurance Corp,WI,0.00,0.00,1676092.67,28699.56,2200429.94
519,519,84670,Wisconsin Physicians Svc Insurance Corp,WI,0.00,0.00,309968.30,-6783.62,-1295742.85
520,520,86584,Wisconsin Physicians Svc Insurance Corp,WI,457909.63,0.00,-6370443.82,-35895.13,-1408415.86
521,521,87416,Common Ground Healthcare Cooperative,WI,1650877.55,0.00,27451771.84,-144217.99,-318351.73
522,522,90028,"Anthem, Inc.",WI,N/A,0.00,N/A,N/A,-511319.10
523,523,91058,Quartz Health Solutions,WI,N/A,0.00,N/A,N/A,-1022508.49
524,524,91604,"Humana, Inc.",WI,N/A,911728.90,N/A,N/A,4559528.75
525,525,94529,Group Health Cooperative of South Central Wisconsin,WI,0.00,0.00,1259585.14,-10032.30,-59413.35
526,526,31274,Highmark,WV,105056.27,0.00,9997096.13,0.00,3099105.05
527,527,44434,"Aetna, Inc.",WV,N/A,0.00,N/A,N/A,-5767.62
528,528,50318,"Aetna, Inc.",WV,N/A,0.00,N/A,N/A,43735.44
529,529,50328,CareSource,WV,0.00,N/A,-9966234.51,N/A,N/A
530,530,59772,The Health Plan of the Upper Ohio Valley,WV,N/A,0.00,N/A,N/A,-718990.72
531,531,72982,The Health Plan of the Upper Ohio Valley,WV,0.00,0.00,-30861.62,N/A,-261919.75
532,532,77060,"UnitedHealth Group, Inc.",WV,N/A,0.00,N/A,N/A,-1908349.20
533,533,95628,"UnitedHealth Group, Inc.",WV,N/A,0.00,N/A,N/A,-247813.25
534,534,11269,Blue Cross Blue Shield of Wyoming,WY,177831.59,759088.07,0.00,N/A,468478.40
535,535,49714,"UnitedHealth Group, Inc.",WY,N/A,725347.34,N/A,N/A,-468478.46
